,group,model,recall,false_alarm
0,gender=F,all,0.7540360873694207,0.3875968992248062
1,gender=F,no_sensitive,0.7473884140550807,0.40310077519379844
2,gender=M,all,0.8086890243902439,0.3874251497005988
3,gender=M,no_sensitive,0.8117378048780488,0.37604790419161677
0,disability=N,all,0.7714285714285715,0.3758765778401122
1,disability=N,no_sensitive,0.7791767554479418,0.38288920056100983
2,disability=Y,all,0.8733333333333333,0.5274261603375527
3,disability=Y,no_sensitive,0.81,0.45569620253164556
0,highest_education=A Level or Equivalent,all,0.6942328618063112,0.32085932085932084
1,highest_education=A Level or Equivalent,no_sensitive,0.690968443960827,0.306999306999307
2,highest_education=HE Qualification,all,0.6703296703296703,0.2476894639556377
3,highest_education=HE Qualification,no_sensitive,0.673992673992674,0.2532347504621072
4,highest_education=Lower Than A Level,all,0.8817777777777778,0.5588803088803089
5,highest_education=Lower Than A Level,no_sensitive,0.88,0.5743243243243243
