group,n,at_risk_rate,flagged_rate,recall,false_alarm_rate,precision
gender=F,2472,0.426,0.544,0.754,0.388,0.591
gender=M,2982,0.44,0.573,0.809,0.387,0.621
disability=N,4917,0.42,0.542,0.771,0.376,0.598
disability=Y,537,0.559,0.721,0.873,0.527,0.677
age_band=0-35,3757,0.454,0.604,0.807,0.435,0.607
age_band=35-55,1644,0.391,0.465,0.728,0.296,0.613
age_band=55<=,53,0.302,0.377,0.688,0.243,0.55
highest_education=A Level or Equivalent,2362,0.389,0.466,0.694,0.321,0.579
highest_education=HE Qualification,814,0.335,0.389,0.67,0.248,0.577
highest_education=Lower Than A Level,2161,0.521,0.727,0.882,0.559,0.631
highest_education=No Formal quals,54,0.63,0.778,0.882,0.6,0.714
highest_education=Post Graduate Qualification,63,0.222,0.333,0.857,0.184,0.571
imd_band=0-10%,545,0.53,0.752,0.903,0.582,0.637
imd_band=10-20,580,0.517,0.686,0.833,0.529,0.628
imd_band=20-30%,622,0.505,0.638,0.825,0.448,0.652
imd_band=30-40%,540,0.428,0.544,0.732,0.405,0.575
imd_band=40-50%,520,0.437,0.544,0.753,0.382,0.604
imd_band=50-60%,556,0.432,0.55,0.788,0.37,0.618
imd_band=60-70%,491,0.393,0.527,0.803,0.349,0.598
imd_band=70-80%,485,0.416,0.528,0.738,0.378,0.582
imd_band=80-90%,464,0.371,0.45,0.698,0.305,0.574
imd_band=90-100%,437,0.307,0.391,0.701,0.254,0.55
imd_band=nan,214,0.294,0.322,0.603,0.205,0.551
